Tweets,SA
9to5mac iPhone 12 Pro Max loses to OnePlus 8T in MKBHD s blind smartphone camera test,-1
9to5mac Some iPhone 12 users experiencing excessive standby battery drain,-1
The lidar sensor on the iPhone 12 offers a people detection feature to help the blind and visually impaired with,-1
iPhone 12 suffers excessive power drain and no one knows why,-1
Tech News iPhone 12 Pro Max loses to OnePlus 8T in MKBHD s blind smartphone camera test,-1
Service was shit with iPhone 11 LTE iPhone 12 5G is the same,-1
Bro Even the iPhone 12 Pro Max OnePlus 8T or any other phone can t record 1080,-1
I hated the iPhone 11 I m sure I ll hate the iPhone 12 Can I just get my iPhone 7 back,-1
Apple forced to ship iPhone 12 series with power adapter in Brazil apple iPhone12,-1
I will never swap LG v40 thin Q for iPhone 12,-1
Iphone 12 Pro Max arrives today Not sure I can leave it in a box till the 25th My mum always said to leave pres,-1
got the new Iphone 12 and the service is worse than ever,-1
iPhone 12 Pro Max loses to OnePlus 8T in MKBHD s blind smartphone camera test 9to5Mac via,-1
my phone has been on 12 for TWO HOURS built different fuck your iphone 12 pro max this lil shit can run for miles,-1
Not much of a problem in the UK currently with our 5G coverage Multiple iPhone 12 Users Report Sudden Drops in 5,-1
About this it s been a week since I had the iPhone 12 mini My 6S which I never liked broke down and I needed a,-1
iPhone 12 Owners Facing Excessive Standby Battery Drain,-1
oneplus 8t beat iphone 12 wtf is happening,-1
Apple forced to ship iPhone 12 series with power adapter in Brazil,-1
Iphone 12 is not good,-1
iPhone 12 pro max battery is worse than the 11 pro max apple,-1
Apple forced to include charger with iPhone in Sao Paolo,-1
iOS Wi Fi exploit enables zero click remote iPhone access without user knowledge,-1
The OnePlus 8T completely destroyed the iPhone 12 Pro Max in the blind smartphone camera test 2020 MKBHD hated to see it,-1
wtf just received a message saying my IPhone 12 pro will be shipped mid january been waiting to fucking long man,-1
I used to always take my cases off when I had my 5s cause I just enjoyed the phone s feel and I always thought it l,1
5G looking good on my new iPhone 12 Max,1
iPhone 12 lineups come with amazing features esp in cameras I appreciate how Dolby Vision is finally a fe,1
Iphone 12 Get it now for your smart life,1
Alhamdulliah bought iPhone pro max 12 thanks to all who feel my pain of losing mobile pro 11 haider,1
Day 2 with the iPhone 12 mini. Really really enjoying it,1
okay so i got the iphone 12 and she is hot,1
apple my iPhone 12 pro max benchmark is so good,1
The charging cable that comes with the iPhone 12 charges so fast,1
Iphone 12 is actually nice Seriously,1
iphone 12 mini might be the best iphone ever released i fear,1
bro the iphone 12 battery is crazy good i got my phone 3 days ago and i ve been using it nonstop since then and,1
I can t get over how light this iPhone 12 is,1
Me and my grandpa are about to get matching iPhone 12 s I m so excited,1
I was amazed too The new iPhone pro max 12,1
that good iphone 12 is pretty,1
I edit all my YouTube videos on my iPhone 12 Pro Max I send all my tweets from it as well It is all done on a magical device,1
Just got the iPhone 12 and I gotta say it s pretty darn cool and also the exact same as every other iPhone I ve ever had,1
jealous amp so happy seeing my sister bought an iPhone 12 pro for herself,1
M1 very impressive but even more impressive is the A14 chip in iPhone 12 those specs belong to a gaming desktop,1
Impressive HDR on iPhone 12 Pro,1
iPhone 12 Pro Max review the best smartphone camera you can get SEE MORE HERE gt,1
So i held the iPhone 12 yesterday That phone is so sleek in the hand I loved the feel Don t let anyone brainwa,1
I dont complain because iPhones look great I love the iPhone 12 design The boxy sides  glass back  and two level camera cutout makes the phone feel so well made,1
its not good its amazing you got an iPhone 12 you and jilian,1
